1,151.2073,-33.8678,Australia,Nov,65,2,78,
2,147.1347,-41.4388,Australia,Dec,91,3,75,
3,138.5986,-34.9287,Australia,Dec,33,9,44,
4,138.5986,-34.9287,Australia,Dec,57,0,88,
5,138.5986,-34.9287,Australia,Nov,56,0,58,
6,151.2313,-33.8784,Australia,Oct,34,7,49,
7,115.8614,-31.9522,Australia,Dec,51,9,74,
8,147.3294,-42.8794,Australia,Nov,55,7,3,
9,115.8333,-31.9333,Australia,Nov,43,0,56,
10,151.2073,-33.8678,Australia,Dec,48,9,0,
11,151.2073,-33.8678,Australia,Oct,33,0,64,
12,151.2073,-33.8678,Australia,Dec,26,0,43,
13,138.5986,-34.9287,Australia,Dec,7,6,81,
14,147.1347,-41.4388,Australia,Oct,11,0,96,
15,151.2073,-33.8678,Australia,Aug,51,2,36,
16,147.1347,-41.4388,Australia,Oct,5,3,49,
17,151.2073,-33.8678,Australia,Nov,89,7,53,
18,144.9633,-37.814,Australia,Nov,77,6,45,
19,153.0281,-27.4679,Australia,Nov,72,0,88,
20,151.2313,-33.8784,Australia,Dec,70,4,32,
21,151.2313,-33.8784,Australia,Nov,51,4,82,
22,151.2073,-33.8678,Australia,Oct,76,7,23,
23,138.5986,-34.9287,Australia,Oct,26,4,41,
24,151.2073,-33.8678,Australia,Nov,20,4,6,
25,151.2073,-33.8678,Australia,Nov,34,6,86,
26,147.3294,-42.8794,Australia,Dec,72,4,25,
27,151.2068,-33.8707,Australia,Dec,57,6,11,
28,151.2053,-33.8787,Australia,Sep,30,0,84,
29,138.5986,-34.9287,Australia,Dec,51,7,40,
30,151.2073,-33.8678,Australia,Dec,27,9,98,
31,151.2073,-33.8678,Australia,Dec,49,0,42,
32,138.5986,-34.9287,Australia,Jun,56,7,45,
33,147.1347,-41.4388,Australia,Dec,92,4,86,
34,151.2073,-33.8678,Australia,Oct,79,4,36,
35,144.9633,-37.814,Australia,Dec,35,7,56,
36,151.2073,-33.8678,Australia,Dec,34,4,47,
37,138.5986,-34.9287,Australia,Nov,78,6,7,
38,151.2073,-33.8678,Australia,Oct,43,8,72,
39,151.2073,-33.8678,Australia,Nov,71,2,14,
40,138.5986,-34.9287,Australia,Dec,65,3,2,
41,151.2073,-33.8678,Australia,Nov,4,6,2,
42,115.8614,-31.9522,Australia,Dec,20,0,12,
43,151.2073,-33.8678,Australia,Dec,53,2,43,
44,144.9633,-37.814,Australia,Oct,9,4,53,
45,138.5986,-34.9287,Australia,Dec,13,3,88,
46,151.2053,-33.8787,Australia,Oct,48,7,6,
47,151.2313,-33.8784,Australia,Dec,64,4,6,
48,151.2073,-33.8678,Australia,Jul,79,6,5,
49,151.2313,-33.8784,Australia,Dec,15,4,73,
50,138.5986,-34.9287,Australia,Nov,92,3,78,
51,144.9633,-37.814,Australia,Dec,86,3,12,
52,151.2073,-33.8678,Australia,Dec,0,6,33,
53,151.2073,-33.8678,Australia,Oct,47,3,72,
54,151.2073,-33.8678,Australia,Dec,69,8,59,
55,151.2073,-33.8678,Australia,Dec,41,8,69,
56,151.2313,-33.8784,Australia,Dec,78,4,87,
57,147.3294,-42.8794,Australia,Jul,5,2,22,
58,151.2073,-33.8678,Australia,Oct,21,0,76,
59,151.2073,-33.8678,Australia,Dec,28,4,90,
60,151.2073,-33.8678,Australia,Nov,54,9,10,
61,151.2313,-33.8784,Australia,Nov,35,9,36,
62,147.1347,-41.4388,Australia,Dec,66,3,52,
63,115.8333,-31.9333,Australia,Nov,37,9,99,
64,151.2073,-33.8678,Australia,Sep,79,8,68,
65,151.2068,-33.8707,Australia,Dec,2,6,4,
66,147.1347,-41.4388,Australia,Nov,64,7,20,
67,151.2073,-33.8678,Australia,Sep,67,6,96,
68,151.2073,-33.8678,Australia,Nov,4,6,7,
69,151.2073,-33.8678,Australia,Nov,6,3,47,
70,147.3294,-42.8794,Australia,Oct,32,3,94,
71,151.1998,-33.7554,Australia,Dec,98,6,3,
72,115.8614,-31.9522,Australia,Sep,10,6,43,
73,153.0281,-27.4679,Australia,Oct,73,4,25,
74,151.2073,-33.8678,Australia,Sep,54,8,61,
75,151.1522,-33.9475,Australia,Dec,78,9,11,
76,151.2073,-33.8678,Australia,Dec,70,4,74,
77,147.3294,-42.8794,Australia,Dec,24,4,30,
78,151.1522,-33.9475,Australia,Dec,22,8,85,
79,138.5986,-34.9287,Australia,Nov,35,3,14,
80,151.2073,-33.8678,Australia,Oct,6,7,44,
81,151.2073,-33.8678,Australia,Nov,67,9,96,
82,147.3294,-42.8794,Australia,Dec,93,7,21,
83,115.8333,-31.9333,Australia,Dec,33,0,33,
84,138.5986,-34.9287,Australia,Dec,28,2,18,
85,144.9633,-37.814,Australia,Nov,17,4,59,
86,144.9633,-37.814,Australia,Dec,47,4,47,
87,153.0281,-27.4679,Australia,Dec,30,7,68,
88,147.3294,-42.8794,Australia,Sep,22,7,17,
89,151.2053,-33.8787,Australia,Oct,37,2,93,
90,151.2053,-33.8787,Australia,Aug,54,4,46,
91,151.2073,-33.8678,Australia,Dec,75,0,7,
92,151.2073,-33.8678,Australia,Sep,47,3,23,
93,151.2073,-33.8678,Australia,Sep,56,0,30,
94,151.2073,-33.8678,Australia,Jul,5,4,24,
95,138.5986,-34.9287,Australia,Nov,73,3,44,
96,144.9633,-37.814,Australia,Oct,7,0,88,
97,151.2073,-33.8678,Australia,Oct,56,4,77,
98,115.8614,-31.9522,Australia,Nov,92,0,22,
99,151.2068,-33.8707,Australia,Dec,19,5,58,
100,151.2073,-33.8678,Australia,Dec,82,0,88,
101,151.2073,-33.8678,Australia,Oct,62,0,90,
102,151.2073,-33.8678,Australia,Dec,77,0,39,
103,151.2073,-33.8678,Australia,Nov,60,0,95,
104,151.2073,-33.8678,Australia,Nov,96,7,94,
105,151.1998,-33.7554,Australia,Nov,32,0,67,
106,151.2313,-33.8784,Australia,Dec,92,0,38,
107,151.1998,-33.7554,Australia,Oct,7,9,56,
108,151.1522,-33.9475,Australia,Dec,64,0,93,
109,151.2068,-33.8707,Australia,Dec,5,7,8,
110,151.2073,-33.8678,Australia,Dec,96,0,72,
111,151.2073,-33.8678,Australia,Sep,71,0,85,
112,144.9633,-37.814,Australia,Oct,75,2,1,
113,151.2073,-33.8678,Australia,Dec,13,3,73,
114,151.2073,-33.8678,Australia,Oct,2,8,89,
115,151.2073,-33.8678,Australia,Oct,32,6,82,
116,115.8333,-31.9333,Australia,Dec,93,4,30,
117,151.2073,-33.8678,Australia,Dec,1,5,61,
118,153.0281,-27.4679,Australia,Nov,23,9,28,
119,151.2073,-33.8678,Australia,Dec,33,4,16,
120,151.2073,-33.8678,Australia,Dec,99,9,10,
121,151.2073,-33.8678,Australia,Dec,20,0,55,
122,151.2313,-33.8784,Australia,Oct,96,7,55,
123,151.2313,-33.8784,Australia,Nov,59,3,67,
124,115.8614,-31.9522,Australia,Dec,93,7,30,
125,151.2073,-33.8678,Australia,Oct,18,7,25,
126,138.5986,-34.9287,Australia,Dec,89,4,34,
127,151.2073,-33.8678,Australia,Oct,57,4,27,
128,151.2073,-33.8678,Australia,Jul,40,0,8,
129,153.0281,-27.4679,Australia,Dec,59,8,86,
130,144.9633,-37.814,Australia,Dec,11,2,53,
131,151.2313,-33.8784,Australia,Dec,6,6,11,
132,144.9633,-37.814,Australia,Nov,32,0,39,
133,138.5986,-34.9287,Australia,Dec,30,7,47,
134,138.5986,-34.9287,Australia,Dec,4,7,62,
135,151.2053,-33.8787,Australia,Nov,63,4,20,
136,151.2073,-33.8678,Australia,Nov,54,5,12,
137,151.2073,-33.8678,Australia,Dec,1,0,39,
138,151.1998,-33.7554,Australia,Dec,23,5,22,
139,115.8333,-31.9333,Australia,Nov,7,4,39,
140,151.2073,-33.8678,Australia,Dec,48,6,46,
141,151.2073,-33.8678,Australia,Dec,79,0,74,
142,151.2073,-33.8678,Australia,Sep,87,4,59,
143,147.1347,-41.4388,Australia,Dec,8,7,67,
144,153.0281,-27.4679,Australia,Nov,79,4,79,
145,151.2073,-33.8678,Australia,Dec,40,9,47,
146,138.5986,-34.9287,Australia,Nov,59,6,28,
147,151.2073,-33.8678,Australia,Dec,29,5,17,
148,151.2053,-33.8787,Australia,Nov,38,9,96,
149,147.3294,-42.8794,Australia,Nov,18,0,69,
150,138.5986,-34.9287,Australia,Dec,32,7,14,
151,151.2313,-33.8784,Australia,Dec,79,3,79,
152,151.1998,-33.7554,Australia,Dec,22,8,21,
153,151.2073,-33.8678,Australia,Dec,78,0,49,
154,151.1998,-33.7554,Australia,Dec,50,7,31,
155,115.8333,-31.9333,Australia,Dec,72,4,80,
156,138.5986,-34.9287,Australia,Dec,14,9,16,
157,144.9633,-37.814,Australia,Nov,99,3,33,
158,151.2073,-33.8678,Australia,Oct,78,7,28,
159,138.5986,-34.9287,Australia,Dec,44,0,78,
160,153.0281,-27.4679,Australia,Sep,70,0,54,
161,151.2073,-33.8678,Australia,Dec,13,9,9,
162,138.5986,-34.9287,Australia,Nov,90,3,6,
163,138.5986,-34.9287,Australia,Dec,25,0,35,
164,151.1998,-33.7554,Australia,Nov,19,5,34,
165,151.2068,-33.8707,Australia,Nov,73,2,64,
166,151.2313,-33.8784,Australia,Nov,4,0,14,
167,151.2313,-33.8784,Australia,Dec,99,4,33,
168,151.2073,-33.8678,Australia,Dec,70,7,76,
169,153.0281,-27.4679,Australia,Oct,46,6,46,
170,151.2313,-33.8784,Australia,Dec,10,6,74,
171,151.2073,-33.8678,Australia,Oct,82,8,90,
172,151.1998,-33.7554,Australia,Oct,10,8,56,
173,151.2073,-33.8678,Australia,Nov,28,8,89,
174,151.2073,-33.8678,Australia,Sep,57,1,79,
175,115.8614,-31.9522,Australia,Nov,19,0,87,
176,151.2073,-33.8678,Australia,Sep,77,1,73,
177,151.2073,-33.8678,Australia,Oct,62,3,45,
178,151.2313,-33.8784,Australia,Nov,44,1,54,
179,151.2073,-33.8678,Australia,Aug,61,2,97,
180,151.1998,-33.7554,Australia,Dec,92,4,17,
181,147.1347,-41.4388,Australia,Dec,32,7,43,
182,144.9633,-37.814,Australia,Nov,1,1,19,
183,151.2073,-33.8678,Australia,Nov,20,3,86,
184,151.2073,-33.8678,Australia,Dec,54,5,69,
185,147.1347,-41.4388,Australia,Oct,41,6,68,
186,151.2313,-33.8784,Australia,Nov,55,3,52,
187,151.2073,-33.8678,Australia,Dec,59,8,38,
188,151.2073,-33.8678,Australia,Nov,90,3,92,
189,138.5986,-34.9287,Australia,Dec,94,6,42,
190,151.2073,-33.8678,Australia,Nov,49,1,99,
191,147.1347,-41.4388,Australia,Dec,10,5,22,
192,151.2073,-33.8678,Australia,Sep,82,2,68,
193,151.2068,-33.8707,Australia,Dec,26,6,34,
194,151.2073,-33.8678,Australia,Nov,94,3,9,
195,151.2073,-33.8678,Australia,Dec,91,3,34,
196,151.2073,-33.8678,Australia,Dec,57,5,14,
197,144.9633,-37.814,Australia,Dec,40,2,22,
198,151.2073,-33.8678,Australia,Dec,79,6,25,
199,138.5986,-34.9287,Australia,Nov,37,4,84,
200,144.9633,-37.814,Australia,Dec,42,6,49,
201,151.1522,-33.9475,Australia,Dec,95,9,8,
202,147.3294,-42.8794,Australia,Dec,52,7,28,
203,151.2313,-33.8784,Australia,Dec,99,1,6,
204,138.5986,-34.9287,Australia,Dec,98,7,15,
205,151.2068,-33.8707,Australia,Nov,75,4,35,
206,151.2073,-33.8678,Australia,Dec,56,1,76,
207,151.2053,-33.8787,Australia,Dec,17,2,75,
208,138.5986,-34.9287,Australia,Dec,86,6,10,
209,151.2073,-33.8678,Australia,Dec,66,8,6,
210,147.1347,-41.4388,Australia,Dec,16,2,25,
211,151.2073,-33.8678,Australia,Nov,28,9,75,
212,147.3294,-42.8794,Australia,Nov,2,6,88,
213,151.2073,-33.8678,Australia,Sep,8,4,35,
214,138.5986,-34.9287,Australia,Dec,40,4,58,
215,151.2313,-33.8784,Australia,Dec,83,6,89,
216,151.2313,-33.8784,Australia,Dec,49,5,25,
217,147.3294,-42.8794,Australia,Oct,7,3,63,
218,138.5986,-34.9287,Australia,Oct,67,0,22,
219,138.5986,-34.9287,Australia,Nov,97,9,61,
220,151.1998,-33.7554,Australia,Dec,99,6,83,
221,138.5986,-34.9287,Australia,Aug,58,0,28,
222,151.2313,-33.8784,Australia,Aug,26,0,97,
223,151.2073,-33.8678,Australia,Jun,8,4,19,
224,144.9633,-37.814,Australia,Nov,3,4,53,
225,144.9633,-37.814,Australia,Nov,22,3,80,
226,138.5986,-34.9287,Australia,Nov,70,4,9,
227,147.3294,-42.8794,Australia,Dec,73,8,23,
228,151.2053,-33.8787,Australia,Apr,97,9,25,
229,151.2073,-33.8678,Australia,Nov,56,3,62,
230,151.2073,-33.8678,Australia,Nov,59,7,30,
231,151.2073,-33.8678,Australia,Jul,1,3,49,
232,147.1347,-41.4388,Australia,Nov,51,3,47,
233,151.2068,-33.8707,Australia,Nov,48,5,60,
234,151.2313,-33.8784,Australia,Nov,36,0,24,
235,138.5986,-34.9287,Australia,Dec,38,2,30,
236,138.5986,-34.9287,Australia,Dec,95,5,28,
237,151.2073,-33.8678,Australia,Oct,79,5,11,
238,151.2073,-33.8678,Australia,Dec,8,6,58,
239,138.5986,-34.9287,Australia,Dec,11,6,19,
240,151.2073,-33.8678,Australia,Dec,22,9,26,
241,138.5986,-34.9287,Australia,Dec,25,7,50,
242,144.9633,-37.814,Australia,Nov,62,6,42,
243,144.9633,-37.814,Australia,Oct,83,3,36,
244,151.2073,-33.8678,Australia,Nov,20,1,24,
245,147.3294,-42.8794,Australia,Oct,50,2,22,
246,151.2073,-33.8678,Australia,Nov,21,6,16,
247,151.1522,-33.9475,Australia,Nov,67,8,88,
248,151.2073,-33.8678,Australia,Nov,40,1,26,
249,144.9633,-37.814,Australia,Dec,40,8,34,
250,151.2073,-33.8678,Australia,Nov,36,4,39,
251,151.2073,-33.8678,Australia,Dec,12,3,63,
252,151.2073,-33.8678,Australia,Nov,40,6,6,
253,151.2073,-33.8678,Australia,Dec,5,5,20,
254,151.2053,-33.8787,Australia,Nov,20,9,67,
255,147.3294,-42.8794,Australia,Dec,92,6,65,
256,151.1522,-33.9475,Australia,Dec,91,3,63,
257,151.2073,-33.8678,Australia,Dec,34,1,1,
258,138.5986,-34.9287,Australia,Dec,59,3,13,
259,151.1522,-33.9475,Australia,Dec,69,4,50,
260,138.5986,-34.9287,Australia,Nov,30,3,24,
261,151.2073,-33.8678,Australia,Dec,55,0,59,
262,147.3294,-42.8794,Australia,Nov,36,7,32,
263,151.1522,-33.9475,Australia,Dec,84,8,31,
264,151.2313,-33.8784,Australia,Nov,52,6,20,
265,147.3294,-42.8794,Australia,Jul,51,3,84,
266,151.2073,-33.8678,Australia,Dec,55,2,48,
267,144.9633,-37.814,Australia,Sep,15,5,19,
268,144.9633,-37.814,Australia,Nov,97,9,82,
269,151.2313,-33.8784,Australia,Dec,85,7,64,
270,151.2073,-33.8678,Australia,Dec,82,0,60,
271,138.5986,-34.9287,Australia,Aug,74,9,8,
272,151.2313,-33.8784,Australia,Dec,18,5,20,
273,151.2073,-33.8678,Australia,Dec,23,7,39,
274,151.2068,-33.8707,Australia,Nov,41,7,75,
275,138.5986,-34.9287,Australia,Dec,19,1,89,
276,147.1347,-41.4388,Australia,Dec,97,9,19,
277,151.2073,-33.8678,Australia,Dec,38,9,21,
278,147.3294,-42.8794,Australia,Dec,88,2,53,
279,138.5986,-34.9287,Australia,Jun,64,5,85,
280,151.2313,-33.8784,Australia,Dec,91,4,12,
281,151.2073,-33.8678,Australia,Dec,57,7,92,
282,138.5986,-34.9287,Australia,Nov,70,4,82,
283,138.5986,-34.9287,Australia,Dec,53,1,3,
284,153.0281,-27.4679,Australia,Dec,65,3,31,
285,144.9633,-37.814,Australia,Dec,60,3,72,
286,151.2073,-33.8678,Australia,Dec,17,5,74,
287,151.2073,-33.8678,Australia,Dec,30,0,13,
288,147.1347,-41.4388,Australia,Dec,10,7,38,
289,151.2073,-33.8678,Australia,Dec,62,2,68,
290,144.9633,-37.814,Australia,Dec,59,2,51,
291,147.1347,-41.4388,Australia,Dec,39,5,47,
292,151.2073,-33.8678,Australia,Jun,56,3,89,
293,147.3294,-42.8794,Australia,Dec,44,2,92,
294,115.8333,-31.9333,Australia,Dec,19,7,50,
295,151.2068,-33.8707,Australia,Oct,84,8,39,
296,144.9633,-37.814,Australia,Nov,19,8,70,
297,138.5986,-34.9287,Australia,Dec,7,0,74,
298,151.2073,-33.8678,Australia,Dec,16,5,64,
299,138.5986,-34.9287,Australia,Dec,93,7,51,
300,151.2073,-33.8678,Australia,Dec,62,8,88,
301,151.2073,-33.8678,Australia,Dec,26,3,26,
302,151.2313,-33.8784,Australia,Dec,81,3,73,
303,151.2073,-33.8678,Australia,Sep,85,4,88,
304,151.2073,-33.8678,Australia,Nov,58,8,73,
305,151.2073,-33.8678,Australia,Dec,94,5,16,
306,151.2073,-33.8678,Australia,Dec,54,9,98,
307,151.2313,-33.8784,Australia,Dec,6,5,80,
308,147.1347,-41.4388,Australia,Nov,40,7,96,
309,151.2073,-33.8678,Australia,Dec,57,3,11,
310,115.8333,-31.9333,Australia,Nov,86,8,24,
311,115.8614,-31.9522,Australia,Oct,68,0,59,
312,138.5986,-34.9287,Australia,Oct,49,5,20,
313,151.2073,-33.8678,Australia,Aug,46,2,13,
314,151.2073,-33.8678,Australia,Dec,35,5,99,
315,138.5986,-34.9287,Australia,Oct,4,9,66,
316,151.2073,-33.8678,Australia,Nov,32,0,78,
317,151.2073,-33.8678,Australia,Dec,7,4,64,
318,138.5986,-34.9287,Australia,Oct,34,8,3,
319,151.2313,-33.8784,Australia,Dec,61,3,66,
320,151.2073,-33.8678,Australia,Oct,40,7,39,
321,147.3294,-42.8794,Australia,Sep,88,3,58,
322,151.2073,-33.8678,Australia,Dec,63,8,75,
323,151.2068,-33.8707,Australia,Nov,27,2,70,
324,151.1522,-33.9475,Australia,Dec,93,8,42,
325,151.2313,-33.8784,Australia,Dec,24,1,62,
326,144.9633,-37.814,Australia,Oct,59,6,90,
327,151.2053,-33.8787,Australia,Sep,28,9,26,
328,147.3294,-42.8794,Australia,Dec,13,9,30,
329,115.8333,-31.9333,Australia,Dec,90,9,87,
330,151.1522,-33.9475,Australia,Dec,16,8,13,
331,151.2073,-33.8678,Australia,Dec,99,2,23,
332,144.9633,-37.814,Australia,Dec,14,5,95,
333,151.2073,-33.8678,Australia,Oct,93,4,51,
334,151.2073,-33.8678,Australia,Dec,51,9,75,
335,151.2073,-33.8678,Australia,Nov,87,7,34,
336,151.2073,-33.8678,Australia,Nov,80,0,41,
337,151.2073,-33.8678,Australia,Dec,95,6,0,
338,147.3294,-42.8794,Australia,Oct,21,0,8,
339,151.2073,-33.8678,Australia,Nov,37,1,87,
340,151.2073,-33.8678,Australia,Sep,56,7,11,
341,151.2068,-33.8707,Australia,Aug,41,9,4,
342,151.2313,-33.8784,Australia,Dec,45,4,6,
343,151.2073,-33.8678,Australia,Oct,34,0,49,
344,138.5986,-34.9287,Australia,Dec,67,1,28,
345,147.3294,-42.8794,Australia,Dec,3,5,26,
346,151.2053,-33.8787,Australia,Dec,81,6,35,
347,151.2073,-33.8678,Australia,Dec,18,2,31,
348,144.9633,-37.814,Australia,Oct,67,2,79,
349,138.5986,-34.9287,Australia,Mar,87,2,90,
350,144.9633,-37.814,Australia,Nov,52,8,12,
351,151.1522,-33.9475,Australia,Dec,35,6,8,
352,151.2073,-33.8678,Australia,Oct,93,0,66,
353,151.2073,-33.8678,Australia,Dec,76,3,14,
354,151.2073,-33.8678,Australia,Dec,77,4,35,
355,147.3294,-42.8794,Australia,Nov,60,2,59,
356,151.1522,-33.9475,Australia,Dec,84,3,39,
357,151.2073,-33.8678,Australia,Sep,12,1,79,
358,151.2073,-33.8678,Australia,Dec,92,8,47,
359,138.5986,-34.9287,Australia,Dec,47,7,50,
360,138.5986,-34.9287,Australia,Aug,7,1,46,
361,151.2073,-33.8678,Australia,Nov,19,2,44,
362,151.2073,-33.8678,Australia,Dec,9,5,74,
363,151.2073,-33.8678,Australia,Dec,53,4,25,
364,138.5986,-34.9287,Australia,Dec,61,5,5,
365,138.5986,-34.9287,Australia,Oct,48,0,90,
366,151.1522,-33.9475,Australia,Oct,7,8,55,
367,151.2073,-33.8678,Australia,Nov,16,6,15,
368,147.1347,-41.4388,Australia,Oct,23,8,2,
369,138.5986,-34.9287,Australia,Nov,41,6,19,
370,151.2073,-33.8678,Australia,Nov,52,7,78,
371,151.2073,-33.8678,Australia,Nov,6,1,69,
372,147.1347,-41.4388,Australia,Dec,91,8,68,
373,151.1522,-33.9475,Australia,Dec,32,1,66,
374,138.5986,-34.9287,Australia,Dec,29,1,2,
375,151.2073,-33.8678,Australia,Sep,91,6,93,
376,151.2073,-33.8678,Australia,Dec,39,8,50,
377,151.2313,-33.8784,Australia,Nov,28,0,60,
378,138.5986,-34.9287,Australia,Nov,96,6,51,
379,151.1522,-33.9475,Australia,Dec,38,5,48,
380,151.2313,-33.8784,Australia,Nov,82,0,16,
381,138.5986,-34.9287,Australia,Oct,46,9,54,
382,151.2313,-33.8784,Australia,Dec,5,9,31,
383,151.2073,-33.8678,Australia,Dec,82,4,60,
384,151.2073,-33.8678,Australia,Sep,22,9,20,
385,151.2073,-33.8678,Australia,Oct,42,5,68,
386,151.2073,-33.8678,Australia,Nov,75,4,75,
387,115.8614,-31.9522,Australia,Dec,32,0,96,
388,115.8614,-31.9522,Australia,Dec,41,2,46,
389,147.3294,-42.8794,Australia,Jul,77,1,32,
390,147.1347,-41.4388,Australia,Dec,65,5,75,
391,151.1998,-33.7554,Australia,Nov,16,7,44,
392,151.2073,-33.8678,Australia,Dec,94,3,76,
393,151.2073,-33.8678,Australia,Dec,0,3,28,
394,151.2053,-33.8787,Australia,Dec,14,9,36,
395,151.2313,-33.8784,Australia,Dec,11,1,95,
396,151.2073,-33.8678,Australia,Nov,88,4,67,
397,151.2073,-33.8678,Australia,Nov,99,2,88,
398,151.2073,-33.8678,Australia,Oct,47,4,32,
399,138.5986,-34.9287,Australia,Dec,59,8,88,
400,151.2313,-33.8784,Australia,Nov,40,9,63,
401,138.5986,-34.9287,Australia,Sep,73,2,47,
402,151.2313,-33.8784,Australia,Nov,52,9,2,
403,151.2073,-33.8678,Australia,Nov,62,1,19,
404,138.5986,-34.9287,Australia,Dec,52,4,18,
405,138.5986,-34.9287,Australia,Dec,90,5,94,
406,138.5986,-34.9287,Australia,Dec,18,1,10,
407,138.5986,-34.9287,Australia,Dec,48,7,78,
408,153.0281,-27.4679,Australia,Nov,8,0,75,
409,144.9633,-37.814,Australia,Dec,58,6,77,
410,138.5986,-34.9287,Australia,Nov,85,4,87,
411,144.9633,-37.814,Australia,Dec,11,8,40,
412,151.2313,-33.8784,Australia,Dec,41,3,39,
413,138.5986,-34.9287,Australia,Dec,92,2,59,
414,147.1347,-41.4388,Australia,Nov,60,8,24,
415,147.3294,-42.8794,Australia,Dec,49,4,32,
416,151.2073,-33.8678,Australia,Aug,14,0,16,
417,147.3294,-42.8794,Australia,Nov,95,5,26,
418,115.8614,-31.9522,Australia,Dec,22,0,40,
419,144.9633,-37.814,Australia,Dec,44,3,43,
420,151.1998,-33.7554,Australia,Dec,40,9,28,
421,138.5986,-34.9287,Australia,Nov,1,1,68,
422,151.2068,-33.8707,Australia,Dec,19,9,13,
423,138.5986,-34.9287,Australia,Dec,4,1,88,
424,153.0281,-27.4679,Australia,Dec,1,6,8,
425,115.8614,-31.9522,Australia,Dec,96,3,53,
426,151.2313,-33.8784,Australia,Sep,22,2,6,
427,151.2313,-33.8784,Australia,Sep,87,5,17,
428,147.1347,-41.4388,Australia,Dec,23,1,63,
429,151.2073,-33.8678,Australia,Oct,13,7,77,
430,151.2073,-33.8678,Australia,Nov,40,6,68,
431,151.2073,-33.8678,Australia,Nov,99,6,42,
432,151.2073,-33.8678,Australia,Sep,30,7,54,
433,151.2313,-33.8784,Australia,Nov,64,3,59,
434,138.5986,-34.9287,Australia,Oct,16,0,4,
435,151.2313,-33.8784,Australia,Sep,60,2,36,
436,147.3294,-42.8794,Australia,Nov,29,5,94,
437,151.2073,-33.8678,Australia,Sep,81,9,48,
438,147.1347,-41.4388,Australia,Dec,20,6,72,
439,151.2073,-33.8678,Australia,Dec,94,7,34,
440,151.2073,-33.8678,Australia,Aug,42,7,37,
441,115.8614,-31.9522,Australia,Jul,53,1,71,
442,151.2073,-33.8678,Australia,Nov,92,5,30,
443,151.2073,-33.8678,Australia,Nov,55,9,81,
444,147.3294,-42.8794,Australia,Nov,98,2,72,
445,138.5986,-34.9287,Australia,Oct,63,4,1,
446,147.3294,-42.8794,Australia,Dec,60,3,88,
447,138.5986,-34.9287,Australia,Apr,68,6,96,
448,151.2073,-33.8678,Australia,Nov,82,9,2,
449,151.2053,-33.8787,Australia,Dec,28,1,84,
450,151.2073,-33.8678,Australia,Aug,11,2,38,
451,151.2313,-33.8784,Australia,Dec,56,6,12,
452,144.9633,-37.814,Australia,Dec,84,3,46,
453,151.2073,-33.8678,Australia,Dec,0,6,48,
454,153.0281,-27.4679,Australia,Dec,34,4,13,
455,144.9633,-37.814,Australia,Nov,87,7,83,
456,138.5986,-34.9287,Australia,Nov,13,5,0,
457,138.5986,-34.9287,Australia,Dec,11,3,74,
458,147.3294,-42.8794,Australia,Oct,64,6,84,
459,151.2073,-33.8678,Australia,Dec,29,1,64,
460,138.5986,-34.9287,Australia,Dec,45,1,86,
461,138.5986,-34.9287,Australia,Dec,28,7,37,
462,151.2073,-33.8678,Australia,Dec,98,7,51,
463,151.2313,-33.8784,Australia,Nov,77,6,63,
464,151.2073,-33.8678,Australia,Nov,36,9,37,
465,151.2073,-33.8678,Australia,Nov,40,8,28,
466,138.5986,-34.9287,Australia,Oct,96,0,72,
467,151.2073,-33.8678,Australia,Nov,73,3,52,
468,151.1522,-33.9475,Australia,Oct,87,5,15,
469,151.2073,-33.8678,Australia,Dec,28,0,81,
470,151.2073,-33.8678,Australia,Dec,79,2,32,
471,151.2073,-33.8678,Australia,Nov,14,8,64,
472,151.2073,-33.8678,Australia,Oct,97,0,28,
473,151.2073,-33.8678,Australia,Oct,45,7,33,
474,138.5986,-34.9287,Australia,Oct,47,8,32,
475,151.2068,-33.8707,Australia,Dec,1,3,84,
476,151.2073,-33.8678,Australia,Dec,75,1,26,
477,138.5986,-34.9287,Australia,Dec,59,5,28,
478,151.2073,-33.8678,Australia,Dec,46,1,52,
479,147.1347,-41.4388,Australia,Sep,89,5,31,
480,151.2053,-33.8787,Australia,Dec,53,0,72,
481,147.1347,-41.4388,Australia,Sep,99,5,26,
482,151.2053,-33.8787,Australia,Nov,93,7,82,
483,151.2073,-33.8678,Australia,Aug,47,5,55,
484,151.2073,-33.8678,Australia,Dec,21,7,72,
485,151.2073,-33.8678,Australia,Dec,36,0,88,
486,151.2073,-33.8678,Australia,Sep,43,0,90,
487,138.5986,-34.9287,Australia,Dec,65,6,44,
488,151.2313,-33.8784,Australia,Dec,78,0,79,
489,151.2073,-33.8678,Australia,Dec,81,3,10,
490,151.2073,-33.8678,Australia,Dec,96,0,62,
491,151.2073,-33.8678,Australia,Nov,20,4,51,
492,138.5986,-34.9287,Australia,Nov,50,1,46,
493,138.5986,-34.9287,Australia,Dec,71,8,16,
494,151.1998,-33.7554,Australia,Dec,63,3,35,
495,151.1998,-33.7554,Australia,Dec,75,0,80,
496,151.2073,-33.8678,Australia,Nov,12,8,10,
497,151.2073,-33.8678,Australia,Dec,28,2,51,
498,138.5986,-34.9287,Australia,Oct,47,3,44,
499,151.2068,-33.8707,Australia,Dec,63,9,86,
500,138.5986,-34.9287,Australia,Dec,5,2,29,
501,151.2073,-33.8678,Australia,Dec,19,9,69,
502,151.2073,-33.8678,Australia,Nov,28,2,49,
503,151.2313,-33.8784,Australia,Oct,83,7,63,
504,151.2053,-33.8787,Australia,Dec,63,2,71,
505,151.2073,-33.8678,Australia,Dec,1,7,7,
506,151.2313,-33.8784,Australia,Nov,46,2,53,
507,153.0281,-27.4679,Australia,Sep,91,0,22,
508,151.2053,-33.8787,Australia,Dec,29,4,32,
509,153.0281,-27.4679,Australia,Nov,68,9,11,
510,151.2073,-33.8678,Australia,Aug,80,9,21,
511,151.2073,-33.8678,Australia,Nov,91,7,6,
512,151.2073,-33.8678,Australia,Dec,75,6,2,
513,151.2073,-33.8678,Australia,Oct,26,9,16,
514,151.2068,-33.8707,Australia,Oct,28,6,82,
515,151.2073,-33.8678,Australia,Oct,45,4,80,
516,115.8614,-31.9522,Australia,Dec,60,3,88,
517,151.2073,-33.8678,Australia,Nov,46,5,60,
518,151.2073,-33.8678,Australia,Nov,94,4,95,
519,151.2053,-33.8787,Australia,Dec,72,7,18,
520,153.0281,-27.4679,Australia,Dec,14,9,28,
521,138.5986,-34.9287,Australia,Oct,9,2,93,
522,144.9633,-37.814,Australia,Nov,57,8,47,
523,151.2313,-33.8784,Australia,Nov,12,4,93,
524,151.2073,-33.8678,Australia,Dec,20,8,39,
525,151.2313,-33.8784,Australia,Dec,46,6,52,
526,144.9633,-37.814,Australia,Nov,40,4,33,
527,147.3294,-42.8794,Australia,Nov,69,8,89,
528,151.2073,-33.8678,Australia,Dec,63,5,66,
529,151.2068,-33.8707,Australia,Nov,67,4,42,
530,151.2073,-33.8678,Australia,Jul,35,7,57,
531,151.2073,-33.8678,Australia,Dec,15,6,37,
532,144.9633,-37.814,Australia,Oct,51,9,17,
533,151.2073,-33.8678,Australia,Oct,25,0,23,
534,151.1522,-33.9475,Australia,Dec,31,3,10,
535,138.5986,-34.9287,Australia,Dec,95,3,27,
536,151.2313,-33.8784,Australia,Dec,90,5,6,
537,144.9633,-37.814,Australia,Nov,59,0,38,
538,115.8333,-31.9333,Australia,Nov,64,6,83,
539,138.5986,-34.9287,Australia,Dec,17,6,56,
540,151.2073,-33.8678,Australia,Oct,30,6,74,
541,151.1998,-33.7554,Australia,Dec,27,9,11,
542,144.9633,-37.814,Australia,Sep,1,2,28,
543,151.2073,-33.8678,Australia,Dec,85,1,44,
544,138.5986,-34.9287,Australia,Oct,90,3,87,
545,151.2073,-33.8678,Australia,Nov,19,6,21,
546,151.2073,-33.8678,Australia,Dec,84,8,24,
547,115.8333,-31.9333,Australia,Nov,31,1,20,
548,151.2073,-33.8678,Australia,Dec,72,9,34,
549,138.5986,-34.9287,Australia,Oct,50,3,97,
550,151.2073,-33.8678,Australia,Aug,91,6,43,
551,151.2073,-33.8678,Australia,Dec,40,6,61,
552,138.5986,-34.9287,Australia,Dec,43,6,3,
553,151.2073,-33.8678,Australia,Jul,3,7,83,
554,151.2073,-33.8678,Australia,Nov,3,5,56,
555,151.2073,-33.8678,Australia,Dec,1,9,70,
556,151.2073,-33.8678,Australia,Aug,19,2,8,
557,151.2073,-33.8678,Australia,Dec,26,5,63,
558,151.2073,-33.8678,Australia,Dec,94,5,96,
559,144.9633,-37.814,Australia,Dec,73,3,20,
560,151.2073,-33.8678,Australia,Dec,29,9,27,
561,144.9633,-37.814,Australia,Oct,80,1,6,
562,151.1522,-33.9475,Australia,Dec,17,8,93,
563,151.2073,-33.8678,Australia,Mar,16,7,93,
564,151.2073,-33.8678,Australia,Oct,8,0,21,
565,151.2313,-33.8784,Australia,Dec,12,8,14,
566,138.5986,-34.9287,Australia,Nov,74,5,74,
567,151.2073,-33.8678,Australia,Nov,91,0,0,
568,151.2073,-33.8678,Australia,Aug,74,4,66,
569,151.2068,-33.8707,Australia,Nov,12,9,41,
570,151.2073,-33.8678,Australia,Oct,77,2,73,
571,151.2073,-33.8678,Australia,Sep,70,0,13,
572,151.2073,-33.8678,Australia,Oct,41,9,63,
573,151.2073,-33.8678,Australia,Nov,71,7,76,
574,151.2073,-33.8678,Australia,Dec,38,7,89,
575,151.2073,-33.8678,Australia,Dec,23,5,9,
576,151.2313,-33.8784,Australia,Nov,71,7,96,
577,144.9633,-37.814,Australia,Dec,23,7,80,
578,151.2073,-33.8678,Australia,Nov,74,9,8,
579,151.2073,-33.8678,Australia,Nov,22,6,87,
580,151.2073,-33.8678,Australia,Aug,27,3,44,
581,115.8614,-31.9522,Australia,Nov,96,9,0,
582,151.2313,-33.8784,Australia,Nov,90,3,6,
583,151.2068,-33.8707,Australia,Dec,23,5,89,
584,151.2073,-33.8678,Australia,Dec,28,5,71,
585,151.2073,-33.8678,Australia,Aug,4,4,31,
586,115.8333,-31.9333,Australia,Dec,30,1,40,
587,151.2073,-33.8678,Australia,Dec,73,5,40,
588,138.5986,-34.9287,Australia,Dec,26,9,68,
589,151.2073,-33.8678,Australia,Nov,42,8,76,
590,138.5986,-34.9287,Australia,Nov,74,1,8,
591,151.2073,-33.8678,Australia,Nov,35,8,49,
592,151.2073,-33.8678,Australia,Nov,67,4,96,
593,151.2073,-33.8678,Australia,Dec,93,5,9,
594,151.2073,-33.8678,Australia,Dec,65,3,26,
595,151.2073,-33.8678,Australia,Dec,21,3,44,
596,151.2073,-33.8678,Australia,Dec,59,4,25,
597,151.2073,-33.8678,Australia,Dec,97,4,58,
598,138.5986,-34.9287,Australia,Nov,69,0,0,
599,147.1347,-41.4388,Australia,Nov,63,2,12,
600,151.2313,-33.8784,Australia,Nov,82,6,23,
601,151.2073,-33.8678,Australia,Nov,55,2,27,
602,151.2073,-33.8678,Australia,Dec,56,3,97,
603,151.2073,-33.8678,Australia,Nov,85,6,92,
604,151.2073,-33.8678,Australia,Nov,68,0,1,
605,138.5986,-34.9287,Australia,Oct,60,3,66,
606,147.3294,-42.8794,Australia,Dec,47,5,13,
607,147.3294,-42.8794,Australia,Dec,37,4,93,
608,138.5986,-34.9287,Australia,Nov,38,3,29,
609,147.3294,-42.8794,Australia,Dec,76,4,94,
610,151.2073,-33.8678,Australia,Dec,97,0,59,
611,138.5986,-34.9287,Australia,Dec,77,2,99,
612,151.2073,-33.8678,Australia,Nov,49,9,92,
613,151.2073,-33.8678,Australia,Nov,98,0,28,
614,115.8333,-31.9333,Australia,Nov,36,5,29,
615,151.2073,-33.8678,Australia,Dec,35,5,92,
616,151.2073,-33.8678,Australia,Dec,2,2,12,
617,151.2073,-33.8678,Australia,Nov,37,4,41,
618,151.2313,-33.8784,Australia,Dec,42,9,84,
619,147.3294,-42.8794,Australia,Dec,72,7,60,
620,151.2073,-33.8678,Australia,Dec,28,6,24,
621,151.2313,-33.8784,Australia,Oct,11,7,68,
622,138.5986,-34.9287,Australia,Nov,63,0,1,
623,151.2073,-33.8678,Australia,Nov,33,5,49,
624,151.2073,-33.8678,Australia,Dec,8,9,74,
625,115.8614,-31.9522,Australia,Dec,61,2,44,
626,144.9633,-37.814,Australia,Dec,35,6,78,
627,144.9633,-37.814,Australia,Dec,77,7,35,
628,151.2053,-33.8787,Australia,Nov,72,8,64,
629,151.2073,-33.8678,Australia,Dec,93,2,33,
630,151.2073,-33.8678,Australia,Dec,8,5,93,
631,151.2073,-33.8678,Australia,Jul,82,5,22,
632,138.5986,-34.9287,Australia,Dec,80,0,24,
633,153.0281,-27.4679,Australia,Nov,48,2,33,
634,115.8333,-31.9333,Australia,Jul,86,8,4,
635,151.2073,-33.8678,Australia,Oct,13,7,23,
636,151.2073,-33.8678,Australia,Nov,45,7,44,
637,138.5986,-34.9287,Australia,Jul,28,8,66,
638,147.3294,-42.8794,Australia,Nov,26,0,66,
639,115.8614,-31.9522,Australia,Dec,5,8,36,
640,138.5986,-34.9287,Australia,Oct,23,7,50,
641,138.5986,-34.9287,Australia,Aug,57,8,27,
642,151.2073,-33.8678,Australia,Dec,64,8,22,
643,147.3294,-42.8794,Australia,Sep,92,2,40,
644,147.3294,-42.8794,Australia,Dec,99,3,10,
645,151.2073,-33.8678,Australia,Dec,69,0,3,
646,151.1522,-33.9475,Australia,Dec,34,3,75,
647,151.2073,-33.8678,Australia,Nov,72,4,15,
648,151.1522,-33.9475,Australia,Oct,70,5,95,
649,151.2073,-33.8678,Australia,Aug,6,8,79,
650,147.3294,-42.8794,Australia,Oct,70,3,3,
651,151.1998,-33.7554,Australia,Oct,21,5,74,
652,151.2073,-33.8678,Australia,Dec,74,3,47,
653,151.2073,-33.8678,Australia,Oct,22,5,55,
654,138.5986,-34.9287,Australia,Dec,95,0,39,
655,144.9633,-37.814,Australia,Nov,21,9,74,
656,138.5986,-34.9287,Australia,Dec,5,6,83,
657,144.9633,-37.814,Australia,Nov,37,9,94,
658,151.2073,-33.8678,Australia,Feb,66,6,95,
659,144.9633,-37.814,Australia,Dec,38,6,40,
660,151.2073,-33.8678,Australia,Dec,24,8,53,
661,151.2313,-33.8784,Australia,Dec,94,2,51,
662,138.5986,-34.9287,Australia,Oct,29,6,50,
663,151.2068,-33.8707,Australia,Sep,82,7,78,
664,151.2073,-33.8678,Australia,Dec,9,2,61,
665,147.1347,-41.4388,Australia,Jun,38,3,18,
666,151.2073,-33.8678,Australia,Dec,14,2,63,
667,153.0281,-27.4679,Australia,Dec,20,0,4,
668,151.2073,-33.8678,Australia,Nov,39,0,36,
669,151.2073,-33.8678,Australia,Aug,34,5,85,
670,147.3294,-42.8794,Australia,Dec,63,0,57,
671,115.8333,-31.9333,Australia,Nov,19,5,26,
672,151.2073,-33.8678,Australia,Dec,65,2,72,
673,151.2073,-33.8678,Australia,Nov,87,4,21,
674,151.2313,-33.8784,Australia,Nov,31,5,59,
675,151.2068,-33.8707,Australia,Aug,55,9,46,
676,151.2073,-33.8678,Australia,Nov,6,3,26,
677,151.2073,-33.8678,Australia,Dec,37,6,62,
678,151.2073,-33.8678,Australia,Aug,21,7,10,
679,151.2073,-33.8678,Australia,Oct,49,0,14,
680,151.2053,-33.8787,Australia,Jul,57,5,8,
681,138.5986,-34.9287,Australia,Aug,69,6,94,
682,151.2073,-33.8678,Australia,Dec,0,0,58,
683,115.8333,-31.9333,Australia,Oct,91,8,72,
684,147.3294,-42.8794,Australia,Sep,89,5,65,
685,151.2313,-33.8784,Australia,Jul,48,0,41,
686,151.2073,-33.8678,Australia,Oct,46,7,88,
687,151.2073,-33.8678,Australia,Dec,34,5,42,
688,138.5986,-34.9287,Australia,Sep,39,3,90,
689,147.3294,-42.8794,Australia,Dec,11,4,87,
690,151.2073,-33.8678,Australia,Nov,4,4,3,
691,138.5986,-34.9287,Australia,Nov,50,7,55,
692,151.2073,-33.8678,Australia,Dec,52,2,76,
693,147.1347,-41.4388,Australia,Nov,67,8,91,
694,151.2313,-33.8784,Australia,Dec,31,6,26,
695,151.2073,-33.8678,Australia,Sep,31,8,82,
696,147.3294,-42.8794,Australia,Oct,25,9,93,
697,151.2073,-33.8678,Australia,Dec,16,9,52,
698,115.8333,-31.9333,Australia,Nov,62,5,48,
699,151.2073,-33.8678,Australia,Nov,35,4,65,
700,151.2073,-33.8678,Australia,Dec,68,2,62,
701,138.5986,-34.9287,Australia,Nov,98,2,28,
702,151.2073,-33.8678,Australia,Nov,50,8,79,
703,138.5986,-34.9287,Australia,Nov,9,5,2,
704,151.2073,-33.8678,Australia,Oct,12,9,51,
705,115.8333,-31.9333,Australia,Nov,9,7,67,
706,151.2073,-33.8678,Australia,Dec,42,2,23,
707,151.2073,-33.8678,Australia,Dec,64,8,58,
708,151.2073,-33.8678,Australia,Dec,74,2,25,
709,151.2073,-33.8678,Australia,Nov,43,4,91,
710,144.9633,-37.814,Australia,Nov,96,2,65,
711,138.5986,-34.9287,Australia,Dec,64,7,29,
712,151.2073,-33.8678,Australia,Nov,95,0,78,
713,115.8333,-31.9333,Australia,Dec,21,9,38,
714,151.2313,-33.8784,Australia,Nov,7,2,24,
715,151.2073,-33.8678,Australia,Oct,5,2,43,
716,147.3294,-42.8794,Australia,Aug,1,8,3,
717,151.2073,-33.8678,Australia,Dec,91,5,90,
718,151.2073,-33.8678,Australia,Dec,96,2,11,
719,138.5986,-34.9287,Australia,Oct,28,7,46,
720,151.2073,-33.8678,Australia,Nov,63,5,67,
721,151.2073,-33.8678,Australia,Dec,1,3,89,
722,151.2313,-33.8784,Australia,Dec,51,0,90,
723,138.5986,-34.9287,Australia,Sep,55,6,7,
724,138.5986,-34.9287,Australia,Nov,20,4,65,
725,138.5986,-34.9287,Australia,Dec,61,2,36,
726,138.5986,-34.9287,Australia,Dec,45,0,38,
727,151.2073,-33.8678,Australia,Nov,84,5,61,
728,151.2073,-33.8678,Australia,Dec,15,3,68,
729,138.5986,-34.9287,Australia,Dec,99,0,69,
730,151.2073,-33.8678,Australia,Nov,32,3,42,
731,147.1347,-41.4388,Australia,Nov,3,3,48,
732,151.2073,-33.8678,Australia,Dec,84,2,92,
733,138.5986,-34.9287,Australia,Dec,65,2,74,
734,115.8614,-31.9522,Australia,Nov,83,5,90,
735,151.2073,-33.8678,Australia,Nov,62,2,12,
736,147.3294,-42.8794,Australia,Dec,74,2,32,
737,144.9633,-37.814,Australia,Dec,93,5,38,
738,138.5986,-34.9287,Australia,Dec,41,6,74,
739,151.2073,-33.8678,Australia,Nov,64,9,34,
740,144.9633,-37.814,Australia,Dec,35,0,40,
741,151.2073,-33.8678,Australia,Sep,2,9,91,
742,151.2313,-33.8784,Australia,Jul,34,4,93,
743,151.2073,-33.8678,Australia,Dec,47,3,4,
744,151.1522,-33.9475,Australia,Oct,26,0,56,
745,151.2073,-33.8678,Australia,Nov,41,2,91,
746,115.8333,-31.9333,Australia,Dec,73,4,36,
747,138.5986,-34.9287,Australia,Dec,52,2,61,
748,151.2073,-33.8678,Australia,Nov,39,6,14,
749,147.3294,-42.8794,Australia,Dec,57,3,63,
750,147.1347,-41.4388,Australia,Dec,1,0,47,
751,138.5986,-34.9287,Australia,Dec,78,2,13,
752,151.2073,-33.8678,Australia,Dec,17,9,76,
753,144.9633,-37.814,Australia,Dec,94,5,66,
754,151.2073,-33.8678,Australia,Dec,59,5,5,
755,151.2313,-33.8784,Australia,Dec,29,5,28,
756,151.2073,-33.8678,Australia,Nov,92,3,83,
757,151.2073,-33.8678,Australia,Dec,89,2,71,
758,151.2313,-33.8784,Australia,Sep,85,3,68,
759,138.5986,-34.9287,Australia,Dec,86,2,42,
760,151.2073,-33.8678,Australia,Sep,5,7,84,
761,138.5986,-34.9287,Australia,Dec,56,7,52,
762,151.2073,-33.8678,Australia,Nov,84,9,82,
763,151.2073,-33.8678,Australia,Oct,46,0,56,
764,144.9633,-37.814,Australia,Dec,95,9,1,
765,138.5986,-34.9287,Australia,Nov,37,0,31,
766,144.9633,-37.814,Australia,Dec,34,2,81,
767,151.2073,-33.8678,Australia,Dec,22,9,44,
768,147.1347,-41.4388,Australia,Dec,45,5,18,
769,144.9633,-37.814,Australia,Aug,82,6,97,
770,151.2073,-33.8678,Australia,Nov,1,7,93,
771,151.2073,-33.8678,Australia,Oct,90,4,64,
772,138.5986,-34.9287,Australia,Nov,6,6,80,
773,144.9633,-37.814,Australia,Dec,17,9,56,
774,144.9633,-37.814,Australia,Oct,91,4,41,
775,115.8333,-31.9333,Australia,Dec,72,0,44,
776,151.2073,-33.8678,Australia,Dec,52,7,97,
777,144.9633,-37.814,Australia,Nov,46,0,34,
778,147.1347,-41.4388,Australia,Apr,41,0,38,
779,151.1522,-33.9475,Australia,Dec,77,4,29,
780,151.2073,-33.8678,Australia,Oct,19,4,54,
781,151.2073,-33.8678,Australia,Dec,15,2,19,
782,151.2313,-33.8784,Australia,Dec,72,3,29,
783,147.3294,-42.8794,Australia,Dec,63,7,15,
784,151.2073,-33.8678,Australia,Dec,2,7,13,
785,151.1998,-33.7554,Australia,Nov,47,7,64,
786,138.5986,-34.9287,Australia,Dec,75,7,22,
787,138.5986,-34.9287,Australia,Dec,2,5,18,
788,151.2313,-33.8784,Australia,Dec,86,5,43,
789,151.2073,-33.8678,Australia,Dec,71,4,28,
790,138.5986,-34.9287,Australia,Dec,67,7,65,
791,151.2073,-33.8678,Australia,Jun,1,4,72,
792,151.2313,-33.8784,Australia,Dec,43,8,43,
793,151.2313,-33.8784,Australia,Dec,87,2,76,
794,115.8333,-31.9333,Australia,Dec,5,7,82,
795,138.5986,-34.9287,Australia,Nov,59,3,14,
796,151.1522,-33.9475,Australia,Dec,78,5,52,
797,151.2073,-33.8678,Australia,Nov,95,6,25,
798,151.2073,-33.8678,Australia,Dec,58,8,85,
799,151.2073,-33.8678,Australia,Dec,21,6,64,
800,151.2073,-33.8678,Australia,Dec,14,4,10,
801,147.3294,-42.8794,Australia,Dec,58,7,71,
802,115.8614,-31.9522,Australia,Nov,78,6,12,
803,147.1347,-41.4388,Australia,Dec,42,4,47,
804,151.2073,-33.8678,Australia,Nov,88,2,46,
805,115.8333,-31.9333,Australia,Dec,1,9,95,
806,138.5986,-34.9287,Australia,Dec,72,2,9,
807,138.5986,-34.9287,Australia,Dec,76,9,90,
808,151.2073,-33.8678,Australia,Dec,35,4,56,
809,151.2073,-33.8678,Australia,Jul,94,5,25,
810,147.3294,-42.8794,Australia,Nov,71,3,71,
811,151.2073,-33.8678,Australia,Dec,81,9,77,
812,115.8614,-31.9522,Australia,Nov,10,6,96,
813,115.8614,-31.9522,Australia,Dec,45,0,3,
814,138.5986,-34.9287,Australia,Dec,91,3,1,
815,144.9633,-37.814,Australia,Sep,59,6,68,
816,151.2073,-33.8678,Australia,Oct,51,7,8,
817,147.1347,-41.4388,Australia,Dec,71,7,8,
818,151.2073,-33.8678,Australia,Nov,57,6,65,
819,151.2073,-33.8678,Australia,Dec,34,4,58,
820,151.2068,-33.8707,Australia,Nov,33,2,95,
821,147.1347,-41.4388,Australia,Dec,44,6,60,
822,151.2073,-33.8678,Australia,Sep,12,5,3,
823,151.1998,-33.7554,Australia,Dec,5,2,11,
824,151.1522,-33.9475,Australia,Apr,14,2,55,
825,144.9633,-37.814,Australia,Nov,54,4,86,
826,138.5986,-34.9287,Australia,Nov,44,9,39,
827,147.1347,-41.4388,Australia,Nov,41,8,61,
828,151.2073,-33.8678,Australia,Dec,68,3,94,
829,144.9633,-37.814,Australia,Nov,3,8,34,
830,147.1347,-41.4388,Australia,Nov,27,9,62,
831,151.2073,-33.8678,Australia,Dec,78,5,3,
832,115.8614,-31.9522,Australia,Dec,61,0,94,
833,151.2073,-33.8678,Australia,Dec,87,6,65,
834,151.2073,-33.8678,Australia,Nov,10,6,37,
835,151.2073,-33.8678,Australia,Dec,11,3,2,
836,144.9633,-37.814,Australia,Dec,31,5,75,
837,151.2073,-33.8678,Australia,Sep,81,8,12,
838,151.2073,-33.8678,Australia,Dec,10,6,57,
839,151.2073,-33.8678,Australia,Dec,53,4,15,
840,151.2073,-33.8678,Australia,Oct,5,6,68,
841,144.9633,-37.814,Australia,Dec,79,7,98,
842,151.2073,-33.8678,Australia,Dec,78,6,3,
843,144.9633,-37.814,Australia,Nov,54,5,39,
844,153.0281,-27.4679,Australia,Dec,30,9,30,
845,151.2073,-33.8678,Australia,Aug,88,7,87,
846,147.1347,-41.4388,Australia,Dec,97,8,31,
847,151.2073,-33.8678,Australia,Dec,9,7,43,
848,151.2068,-33.8707,Australia,Dec,53,7,12,
849,151.2313,-33.8784,Australia,Jun,11,9,3,
850,147.1347,-41.4388,Australia,Nov,64,6,15,
851,151.2073,-33.8678,Australia,Nov,41,9,7,
852,151.2073,-33.8678,Australia,Oct,48,2,2,
853,151.2073,-33.8678,Australia,Dec,79,5,83,
854,151.2073,-33.8678,Australia,Oct,43,5,12,
855,151.1522,-33.9475,Australia,Nov,69,0,61,
856,151.2073,-33.8678,Australia,Nov,45,4,63,
857,151.2073,-33.8678,Australia,Dec,63,5,27,
858,151.2073,-33.8678,Australia,Dec,97,2,6,
859,151.1522,-33.9475,Australia,Dec,74,4,53,
860,151.2073,-33.8678,Australia,Nov,5,7,92,
861,151.2073,-33.8678,Australia,Dec,13,7,27,
862,147.3294,-42.8794,Australia,Dec,25,5,53,
863,151.2313,-33.8784,Australia,Oct,85,5,77,
864,151.1998,-33.7554,Australia,Oct,40,7,1,
865,151.2073,-33.8678,Australia,Dec,79,3,19,
866,151.2073,-33.8678,Australia,Nov,58,3,3,
867,151.2073,-33.8678,Australia,Nov,11,9,15,
868,115.8614,-31.9522,Australia,Dec,2,3,88,
869,151.2313,-33.8784,Australia,Nov,15,2,32,
870,151.2073,-33.8678,Australia,Dec,79,0,95,
871,115.8333,-31.9333,Australia,Oct,31,7,10,
872,151.2073,-33.8678,Australia,Oct,34,7,18,
873,138.5986,-34.9287,Australia,Oct,75,2,13,
874,151.2073,-33.8678,Australia,Aug,57,8,7,
875,151.2073,-33.8678,Australia,Nov,41,7,33,
876,151.2073,-33.8678,Australia,Oct,95,4,16,
877,151.1522,-33.9475,Australia,Dec,81,3,4,
878,147.1347,-41.4388,Australia,Oct,63,3,94,
879,115.8614,-31.9522,Australia,Sep,22,7,0,
880,151.2313,-33.8784,Australia,Dec,68,6,93,
881,151.2053,-33.8787,Australia,Nov,0,4,29,
882,151.2073,-33.8678,Australia,Nov,76,8,60,
883,151.2313,-33.8784,Australia,Nov,76,4,99,
884,153.0281,-27.4679,Australia,Dec,98,9,48,
885,144.9633,-37.814,Australia,Oct,2,9,51,
886,151.2073,-33.8678,Australia,Dec,93,6,44,
887,151.1998,-33.7554,Australia,Nov,40,6,70,
888,151.2073,-33.8678,Australia,Nov,26,8,50,
889,151.2073,-33.8678,Australia,Nov,11,2,4,
890,151.2313,-33.8784,Australia,Nov,52,2,57,
891,151.2073,-33.8678,Australia,Dec,44,0,72,
892,138.5986,-34.9287,Australia,Dec,77,8,41,
893,138.5986,-34.9287,Australia,Nov,66,2,23,
894,151.2313,-33.8784,Australia,Jul,25,5,45,
895,151.1522,-33.9475,Australia,Dec,40,5,9,
896,138.5986,-34.9287,Australia,Dec,56,0,24,
897,151.2073,-33.8678,Australia,Sep,25,8,99,
898,151.2073,-33.8678,Australia,Dec,93,0,89,
899,138.5986,-34.9287,Australia,Oct,13,6,34,
900,151.2073,-33.8678,Australia,Nov,24,7,83,
901,151.2073,-33.8678,Australia,Dec,63,6,45,
902,147.1347,-41.4388,Australia,Dec,50,9,62,
903,151.2073,-33.8678,Australia,Dec,41,4,46,
904,147.1347,-41.4388,Australia,Dec,13,0,23,
905,151.1522,-33.9475,Australia,Dec,35,2,35,
906,151.2073,-33.8678,Australia,Oct,74,2,78,
907,151.2073,-33.8678,Australia,Oct,93,9,39,
908,151.2073,-33.8678,Australia,Nov,4,7,21,
909,151.2073,-33.8678,Australia,Dec,37,0,1,
910,151.2073,-33.8678,Australia,Oct,39,3,98,
911,151.1998,-33.7554,Australia,Dec,75,0,64,
912,151.2073,-33.8678,Australia,Nov,18,2,72,
913,147.3294,-42.8794,Australia,Dec,19,0,82,
914,151.2073,-33.8678,Australia,Dec,54,9,17,
915,138.5986,-34.9287,Australia,Nov,57,4,62,
916,151.2073,-33.8678,Australia,Nov,70,0,81,
917,151.2073,-33.8678,Australia,Sep,81,9,62,
918,151.2073,-33.8678,Australia,Aug,42,3,18,
919,151.2313,-33.8784,Australia,Nov,3,9,90,
920,151.2073,-33.8678,Australia,Aug,91,7,66,
921,144.9633,-37.814,Australia,Nov,62,8,6,
922,115.8614,-31.9522,Australia,Jul,80,9,45,
923,151.2073,-33.8678,Australia,Dec,33,7,5,
924,151.2313,-33.8784,Australia,Dec,41,7,53,
925,151.2073,-33.8678,Australia,Sep,63,4,83,
926,151.2313,-33.8784,Australia,Nov,88,9,15,
927,151.2073,-33.8678,Australia,Aug,66,0,34,
928,151.2073,-33.8678,Australia,Dec,91,2,52,
929,151.2073,-33.8678,Australia,Dec,70,5,63,
930,151.2073,-33.8678,Australia,Dec,71,9,74,
931,151.2073,-33.8678,Australia,Aug,57,4,35,
932,151.2073,-33.8678,Australia,Dec,23,6,2,
933,151.2313,-33.8784,Australia,Sep,12,5,85,
934,151.2073,-33.8678,Australia,Oct,37,2,8,
935,138.5986,-34.9287,Australia,Dec,72,2,47,
936,151.2313,-33.8784,Australia,Dec,11,6,51,
937,138.5986,-34.9287,Australia,Dec,83,8,87,
938,151.2313,-33.8784,Australia,Nov,93,5,80,
939,151.2073,-33.8678,Australia,Nov,20,9,15,
940,151.2073,-33.8678,Australia,Dec,41,8,4,
941,151.2313,-33.8784,Australia,Dec,7,7,55,
942,151.2073,-33.8678,Australia,Oct,66,5,94,
943,151.2073,-33.8678,Australia,Aug,86,5,45,
944,138.5986,-34.9287,Australia,Dec,73,2,50,
945,151.2073,-33.8678,Australia,Dec,66,0,76,
946,151.2073,-33.8678,Australia,Nov,20,0,22,
947,138.5986,-34.9287,Australia,Nov,95,6,31,
948,115.8614,-31.9522,Australia,Dec,58,4,20,
949,151.2073,-33.8678,Australia,Dec,24,7,80,
950,151.2073,-33.8678,Australia,Oct,2,2,26,
951,153.0281,-27.4679,Australia,Nov,88,0,66,
952,151.2073,-33.8678,Australia,Dec,75,7,10,
953,151.2073,-33.8678,Australia,Oct,97,9,80,
954,151.2313,-33.8784,Australia,Dec,30,0,82,
955,151.2073,-33.8678,Australia,Nov,33,4,81,
956,147.3294,-42.8794,Australia,Jun,55,3,43,
957,151.2073,-33.8678,Australia,Dec,22,6,46,
958,151.2073,-33.8678,Australia,Nov,50,8,51,
959,138.5986,-34.9287,Australia,Nov,20,6,48,
960,151.2073,-33.8678,Australia,Dec,83,7,45,
961,151.2313,-33.8784,Australia,Dec,34,4,60,
962,151.2073,-33.8678,Australia,Nov,85,0,60,
963,147.3294,-42.8794,Australia,Oct,95,2,90,
964,151.2073,-33.8678,Australia,Dec,72,0,56,
965,151.2073,-33.8678,Australia,Oct,56,3,90,
966,144.9633,-37.814,Australia,Dec,96,2,59,
967,151.1998,-33.7554,Australia,Oct,64,0,85,
968,147.1347,-41.4388,Australia,Dec,85,2,97,
969,151.2073,-33.8678,Australia,Oct,72,4,94,
970,151.2313,-33.8784,Australia,Dec,54,5,67,
971,151.2313,-33.8784,Australia,Oct,86,6,90,
972,115.8614,-31.9522,Australia,Nov,24,7,67,
973,147.1347,-41.4388,Australia,Nov,64,3,16,
974,151.2313,-33.8784,Australia,Dec,12,4,2,
975,151.2073,-33.8678,Australia,Dec,88,7,36,
976,144.9633,-37.814,Australia,Nov,86,3,70,
977,151.2073,-33.8678,Australia,Dec,75,3,87,
978,138.5986,-34.9287,Australia,Dec,77,2,81,
979,138.5986,-34.9287,Australia,Oct,27,9,89,
980,115.8333,-31.9333,Australia,Dec,62,6,56,
981,151.2313,-33.8784,Australia,Nov,18,3,35,
982,151.2073,-33.8678,Australia,Nov,87,9,98,
983,144.9633,-37.814,Australia,Dec,45,3,24,
984,151.2073,-33.8678,Australia,Oct,50,9,62,
985,151.2073,-33.8678,Australia,Nov,21,8,48,
986,151.2073,-33.8678,Australia,Nov,99,9,65,
987,138.5986,-34.9287,Australia,Dec,19,6,21,
988,151.2313,-33.8784,Australia,Oct,61,2,17,
989,151.2073,-33.8678,Australia,Dec,79,2,69,
990,153.0281,-27.4679,Australia,Dec,96,6,59,
991,151.2313,-33.8784,Australia,Nov,88,2,1,
992,151.2073,-33.8678,Australia,Dec,9,6,27,
993,138.5986,-34.9287,Australia,Dec,7,7,14,
994,138.5986,-34.9287,Australia,Oct,95,6,83,
995,151.2073,-33.8678,Australia,Dec,83,2,57,
996,138.5986,-34.9287,Australia,Dec,13,5,78,
997,151.2068,-33.8707,Australia,Sep,46,2,64,
998,151.2073,-33.8678,Australia,Nov,47,9,33,
999,151.1522,-33.9475,Australia,Dec,74,3,9,
1000,151.2073,-33.8678,Australia,Nov,29,2,52
